{
  "pools": [
    {
      "rolls": 1,
      "entries": [
        {
          "type": "minecraft:item",
          "name": "minecraft:tropical_fish_spawn_egg",
          "functions": [
            {
              "function": "minecraft:set_nbt",
              "tag": "{CustomModelData:1001,EntityTag:{id:armor_stand,Invulnerable:1b,Invisible:1b,NoGravity:1b,Silent:1b,Rotation:[0f,0f],Tags:[Lava_Center,Generate_Lava]},display:{Name:'[{\"text\":\"Lava Center 5x5\",\"italic\":false,\"color\":\"yellow\"}]',Lore:['[{\"text\":\"Place down a 5x5 layer of\",\"italic\":false,\"color\":\"gold\"}]','[{\"text\":\"lava that will start rising\",\"italic\":false,\"color\":\"gold\"}]','[{\"text\":\"at your specified speed!!!\",\"italic\":false,\"color\":\"gold\"},{\"text\":\"\",\"italic\":false,\"color\":\"dark_purple\"}]','[{\"text\":\"[Press \\\\\"F\\\\\" while holding\",\"italic\":false,\"color\":\"dark_gray\"}]','[{\"text\":\"for more information]\",\"italic\":false,\"color\":\"dark_gray\"}]']}}"
            }
          ]
        }
      ]
    }
  ]
}